CSR_ID,PROD
30924038,抵押贷
30924038,黄金1号
30924038,网银
30924038,想分就分
30924062,pos贷
30924062,黄金1号
30924062,外汇保
30924062,网银
30924062,想分就分
30924167,手机银行
30924167,外汇保
30924167,网银
30924167,现金宝
30924255,网银
30924492,财务通
30924492,抵押贷
30924492,好享贷
30924492,黄金1号
30924492,基金
30924492,网银
30924492,想分就分
30924548,第三方存管
30924548,黄金1号
30924548,外汇保
30924548,网银
30924685,抵押贷
30924685,好享贷
30924685,黄金1号
30924685,基金
30924685,加速积分
30924685,手机银行
30924685,外汇保
30924685,网银
30924685,想分就分
30924685,想分就分
30924757,好享贷
30924773,定存
30924773,黄金1号
30924773,加速积分
30924773,外汇保
30924773,想分就分
30924812,第三方存管
30924812,好享贷
30924812,网银
30924861,财务通
30924861,好享贷
30924861,手机银行
30924861,网银
30924915,理财宝
30924915,手机银行
30925143,pos贷
30925143,抵押贷
30925143,好享贷
30925143,黄金1号
30925143,理财宝
30925143,外汇保
30925143,网银
30925143,想分就分
30925143,想分就分
30925250,网银
30925696,抵押贷
30925696,黄金1号
30925696,外汇保
30925696,想分就分
30925731,第三方存管
30925731,定存
30925731,好享贷
30925731,好享贷
30925731,黄金1号
30925731,基金
30925731,加速积分
30925731,手机银行
30925731,外汇保
30925731,网银
30925731,想分就分
30926017,定存
30926017,好享贷
30926017,理财宝
30926017,手机银行
30926084,定存
30926084,好享贷
30926084,基金
30926084,加速积分
30926084,手机银行
30926084,网银
30926121,财务通
30926121,好享贷
30926121,手机银行
30926121,网银
30926210,定存
30926210,好享贷
30926210,手机银行
30926210,网银
30926228,财务通
30926228,好享贷
30926228,黄金1号
30926228,理财宝
30926228,外汇保
30926228,网银
30926228,想分就分
30926308,好享贷
30926566,好享贷
30926566,基金
30927253,网银
30927698,好享贷
30927698,加速积分
30927698,手机银行
30927833,好享贷
30927833,加速积分
30927833,手机银行
30927833,网银
30928692,好享贷
30928692,基金
30928692,加速积分
30928692,手机银行
30928692,网银
30928713,定存
30928713,好享贷
30928713,手机银行
30928713,网银
30929953,基金
30930056,财务通
30930056,定存
30930056,好享贷
30930056,理财顾问
30930056,手机银行
30930056,网银
30930407,定存
30930407,好享贷
30930407,手机银行
30930407,网银
30931514,财务通
30931514,好享贷
30931514,理财顾问
30931514,手机银行
30931514,网银
30932118,好享贷
30932118,基金
30932206,好享贷
30932206,手机银行
30934863,加速积分
30934863,网银
30935124,黄金1号
30935124,基金
30935124,加速积分
30935124,外汇保
30935124,网银
30936932,好享贷
30936932,好享贷
30937961,手机银行
30937961,网银
30939176,好享贷
30939176,外汇保
30941507,财务通
30941507,定存
30941507,好享贷
30941507,好享贷
30941507,加速积分
30941507,教育储蓄
30941507,理财顾问
30941507,网银
30945954,网银
30957572,好享贷
30957572,加速积分
30968622,好享贷
30968622,现金宝
30968698,第三方存管
30968698,黄金1号
30968698,外汇保
30968698,网银
30968698,想分就分
30969053,基金
30969053,网银
30969238,好享贷
30969238,好享贷
30969908,财务通
30969908,定存
30969908,好享贷
30969908,黄金1号
30969908,手机银行
30969908,随时存
30969908,外汇保
30969908,网银
30969908,想分就分
30969949,房贷
30969957,财务通
30969957,好享贷
30969957,好享贷
30969957,加速积分
30969957,教育储蓄
30970310,财务通
30970310,定存
30970310,好享贷
30970310,加速积分
30970310,外汇保
30970310,网银
30970310,想分就分
30971097,好享贷
30971097,黄金1号
30971097,加速积分
30971097,手机银行
30971097,外汇保
30971144,财务通
30971144,黄金1号
30971144,外汇保
30971144,网银
30971208,财务通
30971208,定存
30971208,好享贷
30971208,好享贷
30971208,黄金1号
30971208,加速积分
30971208,外汇保
30971208,网银
30974160,财务通
30974160,好享贷
30975566,手机银行
30975566,外汇保
30976655,定存
30976655,好享贷
30976655,黄金1号
30976655,理财宝
30976655,手机银行
30976655,外汇保
30976655,网银
30979042,财务通
30979042,第三方存管
30979042,好享贷
30979042,黄金1号
30979042,加速积分
30979042,理财宝
30979042,手机银行
30979042,外汇保
30979042,网银
30982063,加速积分
30982063,手机银行
30982250,好享贷
30982250,理财顾问
30982250,网银
30986435,好享贷
30986435,基金
30986435,手机银行
30986435,网银
30986728,定存
30986728,好享贷
30986728,教育储蓄
30986728,手机银行
30986728,网银
30986970,定存
30986970,网银
30987106,好享贷
30987106,加速积分
30987106,手机银行
30987251,定存
30987251,好享贷
30987251,好享贷
30987251,理财宝
30987251,网银
30987251,想分就分
30991160,好享贷
30991160,网银
30991688,pos贷
30991688,加速积分
30991688,网银
30993591,pos贷
30993591,网银
30996649,好享贷
30996649,网银
30997754,财务通
30997754,加速积分
30999910,好享贷
30999910,加速积分
30999910,手机银行
31007966,财务通
31007966,加速积分
31007966,手机银行
31007966,网银
31010314,财务通
31010314,第三方存管
31010314,好享贷
31010314,加速积分
31010314,外汇保
31010314,网银
31013110,好享贷
31013110,加速积分
31013110,外汇保
31013110,网银
31013440,pos贷
31013440,定存
31013440,好享贷
31013440,黄金1号
31013440,外汇保
31013440,网银
31021917,网银
31021984,定存
31021984,好享贷
31021984,外汇保
31025236,好享贷
31025236,手机银行
31025236,网银
31025783,pos贷
31025783,加速积分
31027535,财务通
31027535,抵押贷
31027535,定存
31027535,黄金1号
31027535,外汇保
31027535,网银
31027535,想分就分
31028890,好享贷
31028890,黄金1号
31028890,加速积分
31028890,外汇保
31029325,好享贷
31029665,财务通
31029665,黄金1号
31029665,加速积分
31029665,手机银行
31029665,随时存
31029665,外汇保
31029665,网银
31067715,第三方存管
31067715,黄金1号
31067715,手机银行
31067715,网银
31875236,pos贷
31875236,网银
31881505,好享贷
31881505,网银
31884403,好享贷
31914558,财务通
31914558,好享贷
31914558,手机银行
31929572,pos贷
31929572,好享贷
31939293,定存
31939293,好享贷
31939293,黄金1号
31939293,外汇保
31939293,网银
31941163,定存
31941163,好享贷
31941163,网银
31947742,pos贷
31947742,财务通
31947742,网银
32012096,定存
32012096,黄金1号
32012096,乐享无忧
32012096,外汇保
32012096,网银
32012096,想分就分
32030665,定存
32030665,好享贷
32030665,教育储蓄
32030665,网银
32051156,好享贷
32051156,黄金1号
32051156,外汇保
32071042,好享贷
32071042,网银
32073396,定存
32073396,好享贷
32073396,黄金1号
32073396,理财宝
32073396,外汇保
32073396,网银
32073520,定存
32073520,好享贷
32073520,好享贷
32073520,外汇保
32073520,网银
32073520,想分就分
32077603,pos贷
32077603,财务通
32077603,好享贷
32077603,基金
32077603,教育储蓄
32077603,网银
32090717,pos贷
32090717,黄金1号
32090717,基金
32090717,手机银行
32090717,外汇保
32090717,网银
32090717,想分就分
32091765,好享贷
32091765,网银
32092444,好享贷
32092444,加速积分
32098192,手机银行
32098192,网银
32101824,基金
32101824,加速积分
32101824,手机银行
32101824,外汇保
32101824,网银
32172022,抵押贷
32172022,黄金1号
32172022,加速积分
32172022,手机银行
32172022,外汇保
32172022,网银
32172022,想分就分
32172022,想分就分
32178310,定存
32178310,好享贷
32178310,黄金1号
32178310,加速积分
32178310,外汇保
32178310,网银
32179860,理财宝
32179860,网银
32179860,现金宝
32179886,好享贷
32179886,好享贷
32179886,黄金1号
32179886,外汇保
32229855,理财宝
32229855,网银
32229855,想分就分
32240762,好享贷
32240762,手机银行
32246245,pos贷
32246245,手机银行
32246245,网银
32250303,加速积分
32261707,好享贷
32261707,基金
32261707,加速积分
32261707,手机银行
32261707,网银
32301540,财务通
32301540,网银
32310157,手机银行
32310157,网银
32310727,好享贷
32310727,黄金1号
32310727,外汇保
32333765,财务通
32333765,好享贷
32333765,黄金1号
32333765,基金
32333765,手机银行
32333765,外汇保
32340686,房贷
32340686,好享贷
32373561,好享贷
32373561,加速积分
32403691,pos贷
32403691,财务通
32403691,抵押贷
32403691,网银
32403691,想分就分
32432814,财务通
32432814,加速积分
32432814,网银
32437424,黄金1号
32437424,加速积分
32437424,乐享无忧
32437424,外汇保
32437424,想分就分
32516042,好享贷
32516042,黄金1号
32516042,基金
32516042,加速积分
32516042,理财宝
32516042,手机银行
32516042,外汇保
32516042,网银
32516042,想分就分
32564291,pos贷
32564291,财务通
32564291,抵押贷
32564291,黄金1号
32564291,外汇保
32564291,网银
32564291,想分就分
32573075,手机银行
32573075,网银
32576928,好享贷
32576928,手机银行
32613842,好享贷
32613842,网银
32619358,pos贷
32619358,财务通
32619358,基金
32626679,第三方存管
32626679,手机银行
32626679,网银
32640321,财务通
32640321,定存
32640321,黄金1号
32640321,加速积分
32640321,外汇保
32640321,想分就分
32661673,财务通
32661673,网银
32676229,好享贷
32676229,加速积分
32685949,好享贷
32690853,加速积分
32690853,网银
32704853,加速积分
32707261,pos贷
32707261,好享贷
32707261,手机银行
32707261,网银
32729378,财务通
32729378,好享贷
32729378,手机银行
32729378,网银
32733392,pos贷
32733392,财务通
32733392,定存
32733392,手机银行
32733392,网银
32733392,想分就分
32738887,好享贷
32738887,加速积分
32738887,手机银行
32738887,网银
32742432,好享贷
32742432,加速积分
32742432,网银
32773956,pos贷
32773956,加速积分
32773956,手机银行
32773956,网银
32802099,房贷
32838922,财务通
32838922,网银
32875485,定存
32875485,好享贷
32875485,理财顾问
32948009,黄金1号
32948009,手机银行
32948009,外汇保
32948009,网银
32953969,抵押贷
32953969,好享贷
32953969,黄金1号
32953969,基金
32953969,教育储蓄
32953969,手机银行
32953969,外汇保
32953969,网银
32980655,财务通
32980655,黄金1号
32980655,外汇保
32980655,网银
32980655,想分就分
33028006,好享贷
33028006,手机银行
33028006,网银
33051757,第三方存管
33051757,定存
33051757,好享贷
33051757,基金
33051757,理财顾问
33051757,网银
33065347,好享贷
33065347,黄金1号
33065347,理财顾问
33065347,外汇保
33065347,网银
33065347,想分就分
33067019,好享贷
33067019,理财顾问
33067019,网银
33104881,好享贷
33104881,理财宝
33104881,手机银行
33104881,网银
33104881,用卡无忧
33122205,好享贷
33122205,手机银行
33122205,外汇保
33122205,网银
33125298,定存
33125298,好享贷
33133079,好享贷
33141360,好享贷
33141360,手机银行
33141360,网银
33141360,用卡无忧
33175571,pos贷
33175571,理财宝
33175571,手机银行
33175571,网银
33284023,财务通
33284023,好享贷
33284023,网银
33284111,好享贷
33321366,pos贷
33321366,手机银行
33355639,财务通
33355639,手机银行
33364793,pos贷
33364793,财务通
33379582,pos贷
33379582,定存
33379582,好享贷
33379582,好享贷
33379582,黄金1号
33379582,想分就分
33385239,好享贷
33401526,pos贷
33401526,黄金1号
33401526,外汇保
33401526,网银
33406626,好享贷
33410211,pos贷
33410211,手机银行
33410211,外汇保
33410211,网银
33412472,好享贷
33412472,网银
33453139,财务通
33453456,定存
33453456,基金
33453456,外汇保
33464442,好享贷
33464442,理财宝
33464442,网银
33491014,财务通
33491014,好享贷
33491014,手机银行
33491014,网银
33507044,财务通
33507044,好享贷
33507044,外汇保
33512038,第三方存管
33512038,好享贷
33512038,理财顾问
33512038,网银
335380,加速积分
33596425,好享贷
33596425,网银
33613976,手机银行
33613976,网银
33621337,好享贷
33621337,手机银行
33621337,现金宝
33622813,基金
33622813,网银
33659250,抵押贷
33659250,黄金1号
33659250,外汇保
33659250,网银
33659250,想分就分
33661664,网银
33661664,现金宝
33723085,定存
33723085,好享贷
33723085,黄金1号
33723085,加速积分
33723085,乐享无忧
33723085,外汇保
33723085,网银
33731420,好享贷
33731420,理财宝
33731420,手机银行
33731420,网银
337320,好享贷
33780702,定存
33780702,黄金1号
33780702,外汇保
33780702,网银
33780702,想分就分
33883239,财务通
33883239,基金
33883239,外汇保
33883239,网银
33896832,好享贷
33896832,手机银行
33896832,用卡无忧
33924880,抵押贷
33924880,理财宝
33924880,网银
33924880,想分就分
339311,财务通
339311,好享贷
339311,基金
339311,手机银行
339311,网银
33932727,财务通
33932727,定存
33932727,好享贷
33932727,基金
33932727,理财顾问
33932876,pos贷
33932876,定存
33932876,好享贷
33932876,网银
33966157,现金宝
34025908,好享贷
34025908,理财宝
34025908,网银
34053955,好享贷
34064351,好享贷
34064351,网银
34065330,好享贷
34065330,黄金1号
34065330,加速积分
34065330,手机银行
34065330,随时存
34065330,外汇保
34065330,网银
34081269,第三方存管
34081269,黄金1号
34081269,理财宝
34081269,外汇保
34081269,网银
34081269,现金宝
34094842,好享贷
34117133,定存
34117133,网银
34186758,pos贷
34186758,手机银行
34186758,网银
34210455,好享贷
34210455,网银
34216280,好享贷
34216280,网银
34218695,pos贷
34218695,网银
34255353,财务通
34255353,好享贷
34255353,网银
34260517,好享贷
34260517,网银
34270607,好享贷
34270607,基金
34270607,网银
34287911,pos贷
34294088,定存
34294088,黄金1号
34294088,外汇保
34302064,网银
34322614,好享贷
34322614,网银
34330719,好享贷
34330719,黄金1号
34330719,外汇保
34330719,网银
34330719,想分就分
34370685,抵押贷
34370685,黄金1号
34370685,加速积分
34370685,理财宝
34370685,想分就分
34379081,定存
34379081,好享贷
34379081,网银
34394798,黄金1号
34394798,想分就分
34410146,网银
34429430,定存
34429430,好享贷
34429430,网银
34432557,定存
34432557,好享贷
34432557,理财宝
34432557,网银
34481651,黄金1号
34481651,外汇保
34494322,财务通
34494322,好享贷
34494322,乐享无忧
34494322,手机银行
34494322,网银
34504670,网银
34507617,财务通
34507617,黄金1号
34507617,外汇保
34507617,网银
34507617,想分就分
34522943,网银
34541478,好享贷
34541478,网银
34541478,现金宝
34553426,网银
34557296,房贷
34557296,手机银行
34557296,网银
34598817,好享贷
34598817,网银
34631818,好享贷
34631818,网银
34642931,外汇保
34651189,房贷
34651189,好享贷
34651189,黄金1号
34651189,加速积分
34651189,理财顾问
34651189,随时存
34651189,外汇保
34677902,pos贷
34677902,财务通
34677902,好享贷
34677902,黄金1号
34677902,手机银行
34677902,随时存
34677902,外汇保
34677902,网银
34677902,想分就分
34680184,好享贷
34680184,手机银行
34680184,网银
34685172,财务通
34685172,网银
34707661,财务通
34707661,定存
34729256,好享贷
34731582,财务通
34731582,定存
34731582,好享贷
34731582,网银
34732727,财务通
34732727,抵押贷
34732727,定存
34732727,黄金1号
34732727,理财宝
34732727,外汇保
34732727,网银
34732727,想分就分
34732727,想分就分
34747669,房贷
34747669,好享贷
34747669,好享贷
34747669,网银
34749210,好享贷
34760529,好享贷
34760529,好享贷
34760529,手机银行
34760529,网银
34788144,pos贷
34788144,财务通
34788144,理财宝
34788144,网银
34806471,好享贷
34840720,pos贷
34840720,好享贷
34840720,网银
34863639,好享贷
34863639,网银
34871411,好享贷
34888084,好享贷
34888084,网银
34914078,pos贷
34914078,定存
34914078,好享贷
34914078,理财宝
34914078,手机银行
34914078,网银
34921405,pos贷
34921405,网银
34933255,好享贷
34933255,手机银行
34933255,网银
34944374,好享贷
34944374,理财宝
34944374,网银
34990642,好享贷
34990642,网银
35005133,第三方存管
35064223,财务通
35064223,定存
35064223,好享贷
35064223,网银
35075603,手机银行
35075603,网银
35083017,网银
351538,好享贷
35172156,好享贷
35172156,网银
35212998,好享贷
35212998,加速积分
35238117,财务通
35238117,好享贷
35246624,pos贷
35246624,财务通
35246624,第三方存管
35246624,定存
35246624,手机银行
35246624,网银
35310387,好享贷
35310387,网银
35348357,黄金1号
35348357,外汇保
35348357,网银
35351094,好享贷
35351094,手机银行
35351094,网银
35360458,好享贷
35360458,基金
35360458,外汇保
35360458,网银
35368171,好享贷
35368171,手机银行
35391729,pos贷
35391729,财务通
35391729,抵押贷
35391729,网银
35391729,想分就分
35395999,好享贷
35406067,好享贷
35406067,手机银行
35406067,网银
35444902,好享贷
35444902,网银
35458303,好享贷
35458303,理财宝
35462605,好享贷
35462605,加速积分
35462605,理财宝
35471962,好享贷
35478331,好享贷
35491505,黄金1号
35491505,外汇保
35491505,网银
35509237,好享贷
35540817,手机银行
35540817,网银
35560109,定存
35577729,pos贷
35577729,定存
35577729,好享贷
35577729,黄金1号
35577729,外汇保
35577729,网银
35578352,定存
35578352,好享贷
35578352,网银
35581071,好享贷
35585363,理财宝
35599645,pos贷
35599645,财务通
35599645,手机银行
35599645,网银
35610186,好享贷
35635548,好享贷
35642813,好享贷
35642813,加速积分
35642813,教育储蓄
35642813,网银
35646702,好享贷
35646702,网银
35647519,黄金1号
35647519,理财宝
35647519,外汇保
35647519,网银
35656460,第三方存管
35656460,网银
35659819,好享贷
35664004,好享贷
35664004,基金
35664004,手机银行
35664004,网银
35670365,pos贷
35670365,财务通
35670365,网银
35675051,好享贷
35694271,好享贷
35694271,手机银行
35694271,网银
35701365,基金
35701365,网银
35713026,好享贷
35713026,手机银行
35715634,定存
35715634,好享贷
35715634,网银
35770810,好享贷
35770810,基金
35770810,网银
35776915,好享贷
35776915,理财宝
35822926,好享贷
35850721,好享贷
35892912,定存
35892912,黄金1号
35892912,外汇保
35892912,网银
35898604,好享贷
35912814,好享贷
35912814,网银
35920113,网银
35928142,好享贷
35928142,网银
35982449,好享贷
35982449,网银
35982449,用卡无忧
35987767,网银
35991431,财务通
35991431,好享贷
35991431,网银
36034753,房贷
36034753,好享贷
36040502,好享贷
36045282,好享贷
36045282,网银
36062644,好享贷
36062644,网银
36076465,好享贷
36076465,网银
36079888,好享贷
36079888,网银
36097445,好享贷
36105988,好享贷
36117750,好享贷
36156800,网银
36162904,好享贷
36162904,网银
36179447,pos贷
36179447,定存
36179447,黄金1号
36179447,外汇保
36179447,网银
36196099,财务通
36196099,好享贷
36196099,网银
36196099,用卡无忧
36216898,好享贷
36216898,黄金1号
36216898,外汇保
36216898,网银
36216898,想分就分
36283817,好享贷
36283817,网银
36290201,好享贷
36290201,基金
36290201,网银
36290201,用卡无忧
36330103,好享贷
36340720,好享贷
36340720,理财宝
36340720,网银
36344321,财务通
36344321,好享贷
36344321,网银
36346639,黄金1号
36346639,理财宝
36346639,手机银行
36346639,外汇保
36346639,网银
36349163,网银
36354614,网银
36361604,好享贷
36361604,网银
36392193,好享贷
36392193,手机银行
36392193,网银
36397825,好享贷
36397825,手机银行
36397825,网银
36403182,财务通
36403182,好享贷
36403182,黄金1号
36403182,理财宝
36403182,外汇保
36403182,想分就分
36409773,好享贷
36409773,网银
36410446,pos贷
36422891,好享贷
36422891,黄金1号
36422891,外汇保
36422891,网银
36435496,网银
36440897,好享贷
36440897,网银
36444567,财务通
36444567,好享贷
36444567,网银
36480946,好享贷
36480946,基金
36480946,网银
36502490,好享贷
36502490,网银
36503579,好享贷
36503579,黄金1号
36503579,外汇保
36503626,好享贷
36503626,黄金1号
36503626,外汇保
36503626,网银
36503626,想分就分
36519243,财务通
36519243,好享贷
36519243,网银
36523201,好享贷
36523201,网银
36524698,pos贷
36524698,好享贷
36524698,黄金1号
36524698,手机银行
36524698,外汇保
36524698,网银
36524698,想分就分
36550594,pos贷
36550594,好享贷
36550594,网银
36572484,网银
36578920,好享贷
36580250,网银
36584533,网银
36589724,网银
36604575,好享贷
36604575,网银
36611178,理财宝
36611178,网银
36611410,好享贷
36611410,网银
36637670,pos贷
36637670,财务通
36637670,好享贷
36637670,网银
36644335,好享贷
36644335,黄金1号
36644335,外汇保
36644335,网银
36647204,好享贷
36647204,网银
36649146,网银
36650013,好享贷
36650013,网银
36655671,pos贷
36655671,好享贷
36665938,好享贷
36665938,基金
36665938,理财顾问
36665938,手机银行
36665938,网银
36665938,用卡无忧
36668137,手机银行
36668137,网银
36668928,pos贷
36668928,手机银行
36668928,网银
36669781,财务通
36669781,定存
36669781,理财宝
36669781,手机银行
36669781,网银
36669781,用卡无忧
36691337,pos贷
36691337,财务通
36691337,好享贷
36691337,好享贷
36691337,乐享无忧
36691337,外汇保
36691337,网银
36691337,想分就分
36733493,好享贷
36733493,黄金1号
36733493,外汇保
36733493,网银
367537,好享贷
367537,网银
36757183,财务通
36757183,黄金1号
36757183,外汇保
36757183,网银
36757183,想分就分
36781732,房贷
36788615,手机银行
36788615,网银
36793876,财务通
36793876,手机银行
36793876,网银
36793876,想分就分
36799032,手机银行
36799032,网银
36803207,财务通
36803207,网银
36808789,好享贷
36808789,网银
36811266,好享贷
36811266,网银
36811266,用卡无忧
36816254,基金
36816254,手机银行
36816254,网银
36829046,好享贷
36829046,理财宝
36829046,网银
36831439,网银
36831551,网银
36839734,手机银行
36839734,网银
36842947,好享贷
36842947,网银
36845765,好享贷
36845765,网银
36846313,房贷
36846313,好享贷
36850184,外汇保
36850184,网银
36851691,好享贷
36851691,网银
36857211,网银
36865287,好享贷
36865287,网银
36880603,好享贷
36899655,好享贷
36899655,手机银行
36899655,网银
36909228,好享贷
36911815,好享贷
36911815,网银
36917880,pos贷
36917880,好享贷
36917880,理财宝
36917880,网银
36930768,基金
36930768,网银
36941688,定存
36941688,好享贷
36941688,基金
36941688,网银
36957936,好享贷
36957936,手机银行
36958732,用卡无忧
36988979,好享贷
36988979,网银
36999255,pos贷
36999255,好享贷
36999255,网银
37003891,pos贷
37003891,财务通
37003891,好享贷
37003891,黄金1号
37003891,理财宝
37003891,外汇保
37003891,网银
37004520,手机银行
37004520,网银
37017972,手机银行
37017972,网银
37019040,pos贷
37019040,网银
37022302,pos贷
37022302,财务通
37022302,手机银行
37022302,网银
37051544,财务通
37051544,定存
37051544,好享贷
37051544,理财宝
37051544,理财顾问
37051544,手机银行
37051544,网银
37065726,好享贷
37065726,手机银行
37065726,网银
37073496,好享贷
37073496,网银
37075668,好享贷
37075801,定存
37075801,好享贷
37075801,网银
37083833,pos贷
37083833,手机银行
37083833,网银
37083833,想分就分
37096878,好享贷
37096878,网银
37100144,手机银行
37100144,网银
37102636,好享贷
37102636,理财宝
37105735,好享贷
37105735,手机银行
37106318,好享贷
37106318,手机银行
37106949,好享贷
37106949,手机银行
37108552,好享贷
37108552,理财顾问
37109465,好享贷
37109465,网银
37114066,pos贷
37114066,财务通
37114066,黄金1号
37114066,外汇保
37114066,网银
37120680,pos贷
37120680,财务通
37120680,网银
37122015,好享贷
37122015,手机银行
37122015,网银
37123577,好享贷
37123577,网银
37123681,好享贷
37123681,网银
37140623,好享贷
37140623,手机银行
37140623,网银
37148621,手机银行
37148621,网银
37149657,好享贷
37149657,网银
37154052,pos贷
37154052,定存
37154052,手机银行
37154052,网银
37164061,好享贷
37165793,好享贷
37165793,理财宝
37165793,网银
37167094,网银
37168249,好享贷
37173242,好享贷
37173242,网银
37180463,好享贷
37180463,理财顾问
37180463,手机银行
37182430,pos贷
37182430,财务通
37182430,网银
37182995,好享贷
37182995,教育储蓄
37182995,手机银行
37182995,网银
37182995,想分就分
37192152,pos贷
37192152,财务通
37192152,好享贷
37192152,黄金1号
37192152,乐享无忧
37192152,外汇保
37192152,网银
37192152,想分就分
37203220,pos贷
37203220,好享贷
37203220,网银
37211383,网银
37233378,好享贷
37248561,第三方存管
37248561,加速积分
37248561,网银
37250054,好享贷
37251330,网银
37257248,网银
37271339,好享贷
37279559,好享贷
37321677,好享贷
37321677,网银
37332164,财务通
37333868,好享贷
37333868,网银
37339725,网银
37351689,网银
37355426,pos贷
37355426,好享贷
37355426,手机银行
37355426,网银
37358172,好享贷
37358172,网银
37365508,好享贷
37365508,理财宝
37365508,手机银行
37375825,手机银行
37375825,网银
37378034,基金
37378034,网银
37381718,pos贷
37381718,手机银行
37381718,网银
37386963,pos贷
37386963,好享贷
37386963,黄金1号
37386963,外汇保
37386963,网银
37413905,理财宝
37413905,网银
37417658,好享贷
37417658,黄金1号
37417658,外汇保
37417658,网银
37417658,想分就分
37417658,想分就分
37434013,好享贷
37434013,网银
37434992,好享贷
37434992,用卡无忧
37438228,好享贷
37439157,抵押贷
37439157,定存
37439157,黄金1号
37439157,网银
37439157,想分就分
37462010,好享贷
37482027,好享贷
37482027,网银
37489957,好享贷
37489957,网银
37497367,好享贷
37497367,理财顾问
37497367,手机银行
37497367,网银
37506152,网银
37508773,好享贷
37508773,手机银行
37508773,网银
37511306,好享贷
37511306,手机银行
37511306,网银
37511306,用卡无忧
37528211,pos贷
37528211,网银
37528406,pos贷
37528406,网银
37547353,网银
37560605,好享贷
37560605,黄金1号
37560605,教育储蓄
37560605,外汇保
37569211,财务通
37569211,好享贷
37569211,基金
37569211,网银
37590757,好享贷
37590757,网银
37604564,pos贷
37604564,手机银行
37604564,网银
37607868,好享贷
37614164,网银
37628442,网银
37636619,好享贷
37636619,手机银行
37636619,网银
37654143,手机银行
37654143,网银
37659770,pos贷
37659770,网银
37670175,网银
37678968,好享贷
37678968,网银
37680293,好享贷
37680293,网银
37688378,网银
37701254,网银
37733201,好享贷
37733201,网银
37733308,好享贷
37733308,网银
37741186,手机银行
37741186,网银
37741758,网银
37741758,用卡无忧
37743727,好享贷
37743727,网银
37743727,用卡无忧
37746042,网银
37748169,网银
37751403,pos贷
37751403,网银
37755947,好享贷
37755947,网银
37773944,好享贷
37773944,网银
37780407,好享贷
37780407,网银
37783895,pos贷
37783895,财务通
37783895,加速积分
37783895,网银
37786713,好享贷
37788536,pos贷
37788585,手机银行
37788585,网银
37788649,手机银行
37788649,网银
37798073,手机银行
37798073,网银
37798395,手机银行
37798395,网银
37810112,网银
37817681,手机银行
37817681,网银
37820837,财务通
37820837,好享贷
37820837,网银
37824527,好享贷
37824990,第三方存管
37824990,基金
37824990,网银
37826858,好享贷
37826858,网银
37838530,好享贷
37838530,网银
37838669,好享贷
37838669,网银
37843545,好享贷
37844798,好享贷
37857181,手机银行
37857181,网银
37858684,pos贷
37858684,好享贷
37858684,网银
37861660,好享贷
37861660,手机银行
37861660,网银
37862804,手机银行
37862804,网银
37863250,好享贷
37863250,用卡无忧
37866053,好享贷
37866053,手机银行
37866334,好享贷
37866334,手机银行
37866334,网银
37867138,好享贷
37867138,网银
37870581,好享贷
37870581,手机银行
37870581,网银
37872913,黄金1号
37887931,好享贷
37887931,教育储蓄
37887931,网银
37890451,好享贷
37890451,手机银行
37890451,网银
37896688,好享贷
37896688,手机银行
37896688,网银
37897880,基金
37897880,网银
37898124,基金
37898124,手机银行
37898124,网银
37900386,好享贷
37900386,理财宝
37900386,网银
37900386,用卡无忧
37901305,理财宝
37901305,网银
37901895,基金
37901895,网银
37902285,好享贷
37902285,手机银行
37902285,网银
37905664,好享贷
37905664,手机银行
37905664,网银
37909969,好享贷
37913179,好享贷
37913179,网银
37914911,定存
37914911,黄金1号
37914911,外汇保
37914911,网银
37914911,想分就分
37921138,好享贷
37921138,网银
37923043,好享贷
37923043,网银
37929116,好享贷
37931553,pos贷
37933750,好享贷
37933750,网银
37936654,好享贷
37936654,网银
37938359,好享贷
37938359,基金
37938359,网银
37941362,好享贷
37941362,网银
37948026,好享贷
37948026,手机银行
37948026,网银
37955350,好享贷
37955350,手机银行
37955350,网银
37956875,好享贷
37956875,网银
37959492,基金
37961045,手机银行
37961045,网银
37961045,用卡无忧
37964150,好享贷
37967853,财务通
37967853,定存
37967853,好享贷
37967853,网银
37969324,好享贷
37969324,手机银行
37969324,网银
37978149,好享贷
37978149,基金
37978149,手机银行
37978149,网银
37978930,好享贷
37978930,网银
37979965,好享贷
37979965,网银
37980043,好享贷
37980043,网银
37980086,好享贷
37980086,网银
37981407,手机银行
37983206,好享贷
37983206,网银
37987957,好享贷
37987957,网银
37988031,好享贷
37988031,教育储蓄
37988031,网银
37988120,好享贷
37988120,网银
37988689,好享贷
37989227,好享贷
37989227,网银
37989858,网银
38000887,好享贷
38000887,网银
38015860,好享贷
38015860,手机银行
38015860,网银
38017564,好享贷
38017564,网银
38023304,好享贷
38025247,pos贷
38025247,手机银行
38025247,网银
38027189,定存
38027189,好享贷
38027189,网银
38031013,好享贷
38031013,网银
38031064,好享贷
38031064,网银
38036680,好享贷
38036680,网银
38036841,好享贷
38036841,网银
38043437,好享贷
38043437,手机银行
38043437,网银
38050298,好享贷
38050298,网银
38050468,好享贷
38051348,网银
38052951,好享贷
38053358,网银
38053868,好享贷
38053868,网银
38070748,好享贷
38070748,网银
38074747,pos贷
38074747,定存
38074747,好享贷
38074747,网银
38074747,用卡无忧
38080260,财务通
38080260,网银
38083016,好享贷
38095358,好享贷
38095358,理财宝
38095358,网银
38098544,好享贷
38098544,用卡无忧
38098577,好享贷
38098577,黄金1号
38098577,外汇保
38098577,网银
38108462,好享贷
38108462,网银
38108462,用卡无忧
38112784,pos贷
38115855,pos贷
38115855,网银
38119260,好享贷
38119260,手机银行
38119260,网银
38119413,好享贷
38119413,手机银行
38119413,网银
38124085,加速积分
38124085,理财宝
38141868,好享贷
38146144,pos贷
38146144,想分就分
38146984,好享贷
38146984,网银
38150406,网银
38156386,手机银行
38156386,网银
38159948,好享贷
38159948,基金
38159948,手机银行
38159948,网银
38160874,抵押贷
38160874,网银
38160874,想分就分
38161310,好享贷
38161310,网银
38167786,理财宝
38167786,网银
38175495,好享贷
38175495,手机银行
38175495,网银
38179504,好享贷
38179504,手机银行
38181148,好享贷
38181148,网银
38182077,好享贷
38182077,网银
38196635,好享贷
38223242,好享贷
38223242,网银
38235784,好享贷
38235784,网银
38236677,好享贷
38239093,pos贷
38239093,好享贷
38239093,网银
38239093,想分就分
38282779,网银
38283503,好享贷
38285597,好享贷
38285597,网银
38285597,用卡无忧
38312384,pos贷
38312384,加速积分
38312384,网银
38324716,好享贷
38325803,好享贷
38326084,好享贷
38333846,pos贷
38333846,网银
38352584,财务通
38352584,好享贷
38352584,网银
38371152,好享贷
38371152,网银
38385764,好享贷
38385764,手机银行
38386023,手机银行
38386023,网银
38387704,好享贷
38387704,网银
38388570,财务通
38388570,网银
383985,pos贷
383985,手机银行
383985,网银
38398618,pos贷
38398618,手机银行
38405581,好享贷
38405581,手机银行
38405581,网银
38414357,好享贷
38414357,基金
38414357,手机银行
38414357,网银
38414453,房贷
38432904,手机银行
38432904,网银
38436725,好享贷
38436725,网银
38450834,pos贷
38450834,财务通
38450834,网银
38450998,好享贷
38450998,网银
38467882,好享贷
38467882,网银
38483929,好享贷
38487170,好享贷
38501625,好享贷
38501625,网银
38501625,用卡无忧
38503464,pos贷
38507915,好享贷
38507915,手机银行
38507915,网银
38508217,pos贷
38508217,好享贷
38508217,手机银行
38508217,网银
38513691,pos贷
38514969,好享贷
38515159,好享贷
38515159,网银
38515597,好享贷
38515597,用卡无忧
38518495,财务通
38518495,好享贷
38518495,网银
38526702,抵押贷
38526702,好享贷
38526702,外汇保
38526702,网银
38533582,网银
38545937,好享贷
38545937,用卡无忧
38548474,好享贷
38557207,好享贷
38561648,好享贷
38561648,网银
38564587,定存
38568767,好享贷
38568767,网银
38574484,好享贷
38574484,网银
38583590,好享贷
38583590,手机银行
38583590,网银
38584130,pos贷
38585825,好享贷
38585825,网银
38585825,用卡无忧
38588796,pos贷
38588796,好享贷
38588796,网银
38592253,好享贷
38592253,网银
38592253,用卡无忧
38611896,好享贷
38611896,网银
38613540,pos贷
38613540,网银
38621151,好享贷
38621151,手机银行
38621151,网银
38632560,好享贷
38632560,用卡无忧
38653821,好享贷
38653821,网银
38670047,好享贷
38670047,手机银行
38681705,好享贷
38681705,网银
38701485,好享贷
38730796,好享贷
38730796,网银
38752157,pos贷
38752157,网银
38756834,用卡无忧
38759556,好享贷
38759556,网银
38777349,财务通
38779594,好享贷
38779594,网银
38783907,手机银行
38783907,网银
38801961,好享贷
38802180,好享贷
38802180,网银
38806386,好享贷
38806386,网银
38806386,用卡无忧
38818174,pos贷
38819890,pos贷
38827058,好享贷
38831582,网银
38854299,pos贷
38854299,网银
38855386,pos贷
38862274,好享贷
38862274,网银
38863038,好享贷
38876656,好享贷
38876656,网银
38879562,网银
38884527,用卡无忧
38889231,手机银行
38891591,网银
38897081,pos贷
38898556,pos贷
38898556,手机银行
38898556,网银
38902636,好享贷
38902636,网银
38903766,网银
38911540,pos贷
38911880,网银
38930218,pos贷
38930218,网银
38930584,手机银行
38930584,网银
38940465,好享贷
38940465,手机银行
38940465,网银
38959984,网银
38974569,网银
38975883,好享贷
39002895,pos贷
39002895,网银
39030342,pos贷
39030342,网银
39030342,想分就分
39061620,用卡无忧
39075273,好享贷
39075273,网银
39075345,好享贷
39075345,网银
39075976,好享贷
39081325,pos贷
39081325,网银
39104260,网银
39106312,用卡无忧
39119495,pos贷
39119495,网银
39120376,pos贷
39123188,pos贷
39226449,理财宝
